filename,file_size,file_attributes,region_count,region_id,region_shape_attributes,region_attributes
220px-Safety_instructions_at_a_construction_site_in_ChinaJPG.jpg,13867,"{""caption"":"""",""public_domain"":""no"",""image_url"":""""}",8,0,"{""name"":""rect"",""x"":25,""y"":38,""width"":32,""height"":13}","{""class_name"":""hardhat""}"
220px-Safety_instructions_at_a_construction_site_in_ChinaJPG.jpg,13867,"{""caption"":"""",""public_domain"":""no"",""image_url"":""""}",8,1,"{""name"":""rect"",""x"":122,""y"":34,""width"":24,""height"":17}","{""class_name"":""hardhat""}"
220px-Safety_instructions_at_a_construction_site_in_ChinaJPG.jpg,13867,"{""caption"":"""",""public_domain"":""no"",""image_url"":""""}",8,2,"{""name"":""rect"",""x"":22,""y"":62,""width"":37,""height"":34}","{""class_name"":""vest""}"
220px-Safety_instructions_at_a_construction_site_in_ChinaJPG.jpg,13867,"{""caption"":"""",""public_domain"":""no"",""image_url"":""""}",8,3,"{""name"":""rect"",""x"":151,""y"":37,""width"":31,""height"":21}","{""class_name"":""hardhat""}"
220px-Safety_instructions_at_a_construction_site_in_ChinaJPG.jpg,13867,"{""caption"":"""",""public_domain"":""no"",""image_url"":""""}",8,4,"{""name"":""rect"",""x"":122,""y"":62,""width"":33,""height"":33}","{""class_name"":""vest""}"
220px-Safety_instructions_at_a_construction_site_in_ChinaJPG.jpg,13867,"{""caption"":"""",""public_domain"":""no"",""image_url"":""""}",8,5,"{""name"":""rect"",""x"":157,""y"":66,""width"":30,""height"":61}","{""class_name"":""vest""}"
220px-Safety_instructions_at_a_construction_site_in_ChinaJPG.jpg,13867,"{""caption"":"""",""public_domain"":""no"",""image_url"":""""}",8,6,"{""name"":""rect"",""x"":192,""y"":49,""width"":15,""height"":6}","{""class_name"":""hardhat""}"
220px-Safety_instructions_at_a_construction_site_in_ChinaJPG.jpg,13867,"{""caption"":"""",""public_domain"":""no"",""image_url"":""""}",8,7,"{""name"":""rect"",""x"":188,""y"":60,""width"":14,""height"":26}","{""class_name"":""vest""}"
adobestock-350096650.jpeg,689220,"{""caption"":"""",""public_domain"":""no"",""image_url"":""""}",2,0,"{""name"":""rect"",""x"":1636,""y"":132,""width"":1743,""height"":1372}","{""class_name"":""hardhat""}"
adobestock-350096650.jpeg,689220,"{""caption"":"""",""public_domain"":""no"",""image_url"":""""}",2,1,"{""name"":""rect"",""x"":2033,""y"":1524,""width"":1047,""height"":960}","{""class_name"":""mask""}"
best-construction-hard-hats.jpg,42299,"{""caption"":"""",""public_domain"":""no"",""image_url"":""""}",6,0,"{""name"":""rect"",""x"":42,""y"":24,""width"":137,""height"":83}","{""class_name"":""hardhat""}"
best-construction-hard-hats.jpg,42299,"{""caption"":"""",""public_domain"":""no"",""image_url"":""""}",6,1,"{""name"":""rect"",""x"":297,""y"":48,""width"":103,""height"":63}","{""class_name"":""hardhat""}"
best-construction-hard-hats.jpg,42299,"{""caption"":"""",""public_domain"":""no"",""image_url"":""""}",6,2,"{""name"":""rect"",""x"":434,""y"":20,""width"":120,""height"":68}","{""class_name"":""hardhat""}"
best-construction-hard-hats.jpg,42299,"{""caption"":"""",""public_domain"":""no"",""image_url"":""""}",6,3,"{""name"":""rect"",""x"":426,""y"":140,""width"":197,""height"":210}","{""class_name"":""vest""}"
best-construction-hard-hats.jpg,42299,"{""caption"":"""",""public_domain"":""no"",""image_url"":""""}",6,4,"{""name"":""rect"",""x"":266,""y"":140,""width"":155,""height"":196}","{""class_name"":""vest""}"
best-construction-hard-hats.jpg,42299,"{""caption"":"""",""public_domain"":""no"",""image_url"":""""}",6,5,"{""name"":""rect"",""x"":27,""y"":134,""width"":183,""height"":212}","{""class_name"":""vest""}"
best-hard-hat-light.jpg,26087,"{""caption"":"""",""public_domain"":""no"",""image_url"":""""}",2,0,"{""name"":""rect"",""x"":186,""y"":80,""width"":126,""height"":71}","{""class_name"":""hardhat""}"
best-hard-hat-light.jpg,26087,"{""caption"":"""",""public_domain"":""no"",""image_url"":""""}",2,1,"{""name"":""rect"",""x"":362,""y"":28,""width"":92,""height"":89}","{""class_name"":""hardhat""}"
best-hard-hat-sweatband.jpg,58042,"{""caption"":"""",""public_domain"":""no"",""image_url"":""""}",11,0,"{""name"":""rect"",""x"":168,""y"":90,""width"":98,""height"":86}","{""class_name"":""vest""}"
best-hard-hat-sweatband.jpg,58042,"{""caption"":"""",""public_domain"":""no"",""image_url"":""""}",11,1,"{""name"":""rect"",""x"":186,""y"":245,""width"":56,""height"":55}","{""class_name"":""boots""}"
best-hard-hat-sweatband.jpg,58042,"{""caption"":"""",""public_domain"":""no"",""image_url"":""""}",11,2,"{""name"":""rect"",""x"":387,""y"":255,""width"":61,""height"":79}","{""class_name"":""boots""}"
best-hard-hat-sweatband.jpg,58042,"{""caption"":"""",""public_domain"":""no"",""image_url"":""""}",11,3,"{""name"":""rect"",""x"":329,""y"":228,""width"":76,""height"":59}","{""class_name"":""boots""}"
best-hard-hat-sweatband.jpg,58042,"{""caption"":"""",""public_domain"":""no"",""image_url"":""""}",11,4,"{""name"":""rect"",""x"":353,""y"":26,""width"":54,""height"":32}","{""class_name"":""hardhat""}"
best-hard-hat-sweatband.jpg,58042,"{""caption"":"""",""public_domain"":""no"",""image_url"":""""}",11,5,"{""name"":""rect"",""x"":442,""y"":0,""width"":48,""height"":32}","{""class_name"":""hardhat""}"
best-hard-hat-sweatband.jpg,58042,"{""caption"":"""",""public_domain"":""no"",""image_url"":""""}",11,6,"{""name"":""rect"",""x"":470,""y"":111,""width"":48,""height"":37}","{""class_name"":""hardhat""}"
best-hard-hat-sweatband.jpg,58042,"{""caption"":"""",""public_domain"":""no"",""image_url"":""""}",11,7,"{""name"":""rect"",""x"":617,""y"":52,""width"":39,""height"":32}","{""class_name"":""hardhat""}"
best-hard-hat-sweatband.jpg,58042,"{""caption"":"""",""public_domain"":""no"",""image_url"":""""}",11,8,"{""name"":""rect"",""x"":593,""y"":48,""width"":31,""height"":31}","{""class_name"":""hardhat""}"
best-hard-hat-sweatband.jpg,58042,"{""caption"":"""",""public_domain"":""no"",""image_url"":""""}",11,9,"{""name"":""rect"",""x"":436,""y"":63,""width"":47,""height"":31}","{""class_name"":""hardhat""}"
best-hard-hat-sweatband.jpg,58042,"{""caption"":"""",""public_domain"":""no"",""image_url"":""""}",11,10,"{""name"":""rect"",""x"":452,""y"":366,""width"":66,""height"":30}","{""class_name"":""boots""}"
Chemicals1a.jpg,166274,"{""caption"":"""",""public_domain"":""no"",""image_url"":""""}",3,0,"{""name"":""rect"",""x"":369,""y"":174,""width"":59,""height"":36}","{""class_name"":""mask""}"
Chemicals1a.jpg,166274,"{""caption"":"""",""public_domain"":""no"",""image_url"":""""}",3,1,"{""name"":""rect"",""x"":341,""y"":97,""width"":111,""height"":77}","{""class_name"":""hardhat""}"
Chemicals1a.jpg,166274,"{""caption"":"""",""public_domain"":""no"",""image_url"":""""}",3,2,"{""name"":""rect"",""x"":443,""y"":178,""width"":149,""height"":225}","{""class_name"":""vest""}"
ConstructionUniform-Blog.jpg,48751,"{""caption"":"""",""public_domain"":""no"",""image_url"":""""}",4,0,"{""name"":""rect"",""x"":148,""y"":8,""width"":41,""height"":31}","{""class_name"":""hardhat""}"
ConstructionUniform-Blog.jpg,48751,"{""caption"":"""",""public_domain"":""no"",""image_url"":""""}",4,1,"{""name"":""rect"",""x"":191,""y"":0,""width"":39,""height"":37}","{""class_name"":""hardhat""}"
ConstructionUniform-Blog.jpg,48751,"{""caption"":"""",""public_domain"":""no"",""image_url"":""""}",4,2,"{""name"":""rect"",""x"":133,""y"":67,""width"":73,""height"":80}","{""class_name"":""vest""}"
ConstructionUniform-Blog.jpg,48751,"{""caption"":"""",""public_domain"":""no"",""image_url"":""""}",4,3,"{""name"":""rect"",""x"":207,""y"":56,""width"":43,""height"":97}","{""class_name"":""vest""}"
dsc01085.jpg,114945,"{""caption"":"""",""public_domain"":""no"",""image_url"":""""}",14,0,"{""name"":""rect"",""x"":15,""y"":66,""width"":165,""height"":121}","{""class_name"":""hardhat""}"
dsc01085.jpg,114945,"{""caption"":"""",""public_domain"":""no"",""image_url"":""""}",14,1,"{""name"":""rect"",""x"":209,""y"":144,""width"":97,""height"":62}","{""class_name"":""hardhat""}"
dsc01085.jpg,114945,"{""caption"":"""",""public_domain"":""no"",""image_url"":""""}",14,2,"{""name"":""rect"",""x"":469,""y"":149,""width"":71,""height"":34}","{""class_name"":""hardhat""}"
dsc01085.jpg,114945,"{""caption"":"""",""public_domain"":""no"",""image_url"":""""}",14,3,"{""name"":""rect"",""x"":625,""y"":220,""width"":104,""height"":101}","{""class_name"":""hardhat""}"
dsc01085.jpg,114945,"{""caption"":"""",""public_domain"":""no"",""image_url"":""""}",14,4,"{""name"":""rect"",""x"":803,""y"":140,""width"":199,""height"":131}","{""class_name"":""hardhat""}"
dsc01085.jpg,114945,"{""caption"":"""",""public_domain"":""no"",""image_url"":""""}",14,5,"{""name"":""rect"",""x"":458,""y"":399,""width"":20,""height"":29}","{""class_name"":""hardhat""}"
dsc01085.jpg,114945,"{""caption"":"""",""public_domain"":""no"",""image_url"":""""}",14,6,"{""name"":""rect"",""x"":2,""y"":248,""width"":192,""height"":384}","{""class_name"":""vest""}"
dsc01085.jpg,114945,"{""caption"":"""",""public_domain"":""no"",""image_url"":""""}",14,7,"{""name"":""rect"",""x"":199,""y"":257,""width"":110,""height"":229}","{""class_name"":""vest""}"
dsc01085.jpg,114945,"{""caption"":"""",""public_domain"":""no"",""image_url"":""""}",14,8,"{""name"":""rect"",""x"":461,""y"":225,""width"":119,""height"":183}","{""class_name"":""vest""}"
dsc01085.jpg,114945,"{""caption"":"""",""public_domain"":""no"",""image_url"":""""}",14,9,"{""name"":""rect"",""x"":250,""y"":628,""width"":144,""height"":98}","{""class_name"":""boots""}"
dsc01085.jpg,114945,"{""caption"":"""",""public_domain"":""no"",""image_url"":""""}",14,10,"{""name"":""rect"",""x"":459,""y"":571,""width"":139,""height"":96}","{""class_name"":""boots""}"
dsc01085.jpg,114945,"{""caption"":"""",""public_domain"":""no"",""image_url"":""""}",14,11,"{""name"":""rect"",""x"":367,""y"":348,""width"":63,""height"":77}","{""class_name"":""vest""}"
dsc01085.jpg,114945,"{""caption"":"""",""public_domain"":""no"",""image_url"":""""}",14,12,"{""name"":""rect"",""x"":652,""y"":323,""width"":137,""height"":256}","{""class_name"":""vest""}"
dsc01085.jpg,114945,"{""caption"":"""",""public_domain"":""no"",""image_url"":""""}",14,13,"{""name"":""rect"",""x"":716,""y"":407,""width"":297,""height"":358}","{""class_name"":""vest""}"
EcniRj5UMAE_Iri.jpg,197053,"{""caption"":"""",""public_domain"":""no"",""image_url"":""""}",1,0,"{""name"":""rect"",""x"":146,""y"":523,""width"":448,""height"":269}","{""class_name"":""mask""}"
EiwX8E_XcAEf4XR.jpg,160929,"{""caption"":"""",""public_domain"":""no"",""image_url"":""""}",16,0,"{""name"":""rect"",""x"":394,""y"":190,""width"":72,""height"":50}","{""class_name"":""hardhat""}"
EiwX8E_XcAEf4XR.jpg,160929,"{""caption"":"""",""public_domain"":""no"",""image_url"":""""}",16,1,"{""name"":""rect"",""x"":113,""y"":50,""width"":38,""height"":16}","{""class_name"":""hardhat""}"
EiwX8E_XcAEf4XR.jpg,160929,"{""caption"":"""",""public_domain"":""no"",""image_url"":""""}",16,2,"{""name"":""rect"",""x"":186,""y"":456,""width"":52,""height"":30}","{""class_name"":""hardhat""}"
EiwX8E_XcAEf4XR.jpg,160929,"{""caption"":"""",""public_domain"":""no"",""image_url"":""""}",16,3,"{""name"":""rect"",""x"":772,""y"":303,""width"":54,""height"":38}","{""class_name"":""hardhat""}"
EiwX8E_XcAEf4XR.jpg,160929,"{""caption"":"""",""public_domain"":""no"",""image_url"":""""}",16,4,"{""name"":""rect"",""x"":411,""y"":263,""width"":58,""height"":35}","{""class_name"":""mask""}"
EiwX8E_XcAEf4XR.jpg,160929,"{""caption"":"""",""public_domain"":""no"",""image_url"":""""}",16,5,"{""name"":""rect"",""x"":118,""y"":72,""width"":30,""height"":17}","{""class_name"":""mask""}"
EiwX8E_XcAEf4XR.jpg,160929,"{""caption"":"""",""public_domain"":""no"",""image_url"":""""}",16,6,"{""name"":""rect"",""x"":190,""y"":492,""width"":36,""height"":22}","{""class_name"":""mask""}"
EiwX8E_XcAEf4XR.jpg,160929,"{""caption"":"""",""public_domain"":""no"",""image_url"":""""}",16,7,"{""name"":""rect"",""x"":773,""y"":349,""width"":44,""height"":25}","{""class_name"":""mask""}"
EiwX8E_XcAEf4XR.jpg,160929,"{""caption"":"""",""public_domain"":""no"",""image_url"":""""}",16,8,"{""name"":""rect"",""x"":112,""y"":245,""width"":73,""height"":34}","{""class_name"":""boots""}"
EiwX8E_XcAEf4XR.jpg,160929,"{""caption"":"""",""public_domain"":""no"",""image_url"":""""}",16,9,"{""name"":""rect"",""x"":142,""y"":725,""width"":82,""height"":59}","{""class_name"":""boots""}"
EiwX8E_XcAEf4XR.jpg,160929,"{""caption"":"""",""public_domain"":""no"",""image_url"":""""}",16,10,"{""name"":""rect"",""x"":359,""y"":718,""width"":77,""height"":62}","{""class_name"":""boots""}"
EiwX8E_XcAEf4XR.jpg,160929,"{""caption"":"""",""public_domain"":""no"",""image_url"":""""}",16,11,"{""name"":""rect"",""x"":747,""y"":655,""width"":77,""height"":62}","{""class_name"":""boots""}"
EiwX8E_XcAEf4XR.jpg,160929,"{""caption"":"""",""public_domain"":""no"",""image_url"":""""}",16,12,"{""name"":""rect"",""x"":743,""y"":370,""width"":100,""height"":136}","{""class_name"":""vest""}"
EiwX8E_XcAEf4XR.jpg,160929,"{""caption"":"""",""public_domain"":""no"",""image_url"":""""}",16,13,"{""name"":""rect"",""x"":343,""y"":305,""width"":175,""height"":211}","{""class_name"":""vest""}"
EiwX8E_XcAEf4XR.jpg,160929,"{""caption"":"""",""public_domain"":""no"",""image_url"":""""}",16,14,"{""name"":""rect"",""x"":157,""y"":505,""width"":92,""height"":130}","{""class_name"":""vest""}"
EiwX8E_XcAEf4XR.jpg,160929,"{""caption"":"""",""public_domain"":""no"",""image_url"":""""}",16,15,"{""name"":""rect"",""x"":94,""y"":89,""width"":80,""height"":89}","{""class_name"":""vest""}"
engineer-worker-team-wearing-protection-face-mask-against-coronavirus-foreman-hardhat-safety-vest-checking-containers-183479715.jpg,185218,"{""caption"":"""",""public_domain"":""no"",""image_url"":""""}",5,0,"{""name"":""rect"",""x"":583,""y"":382,""width"":210,""height"":139}","{""class_name"":""mask""}"
engineer-worker-team-wearing-protection-face-mask-against-coronavirus-foreman-hardhat-safety-vest-checking-containers-183479715.jpg,185218,"{""caption"":"""",""public_domain"":""no"",""image_url"":""""}",5,1,"{""name"":""rect"",""x"":868,""y"":423,""width"":200,""height"":107}","{""class_name"":""mask""}"
engineer-worker-team-wearing-protection-face-mask-against-coronavirus-foreman-hardhat-safety-vest-checking-containers-183479715.jpg,185218,"{""caption"":"""",""public_domain"":""no"",""image_url"":""""}",5,2,"{""name"":""rect"",""x"":574,""y"":230,""width"":241,""height"":150}","{""class_name"":""hardhat""}"
engineer-worker-team-wearing-protection-face-mask-against-coronavirus-foreman-hardhat-safety-vest-checking-containers-183479715.jpg,185218,"{""caption"":"""",""public_domain"":""no"",""image_url"":""""}",5,3,"{""name"":""rect"",""x"":864,""y"":240,""width"":223,""height"":147}","{""class_name"":""hardhat""}"
engineer-worker-team-wearing-protection-face-mask-against-coronavirus-foreman-hardhat-safety-vest-checking-containers-183479715.jpg,185218,"{""caption"":"""",""public_domain"":""no"",""image_url"":""""}",5,4,"{""name"":""rect"",""x"":861,""y"":516,""width"":433,""height"":481}","{""class_name"":""vest""}"
fallprotection_580x572.png,574989,"{""caption"":"""",""public_domain"":""no"",""image_url"":""""}",1,0,"{""name"":""rect"",""x"":270,""y"":58,""width"":71,""height"":55}","{""class_name"":""hardhat""}"
fluro-work-wear.jpg,265798,"{""caption"":"""",""public_domain"":""no"",""image_url"":""""}",4,0,"{""name"":""rect"",""x"":98,""y"":158,""width"":193,""height"":291}","{""class_name"":""vest""}"
fluro-work-wear.jpg,265798,"{""caption"":"""",""public_domain"":""no"",""image_url"":""""}",4,1,"{""name"":""rect"",""x"":279,""y"":198,""width"":222,""height"":250}","{""class_name"":""vest""}"
fluro-work-wear.jpg,265798,"{""caption"":"""",""public_domain"":""no"",""image_url"":""""}",4,2,"{""name"":""rect"",""x"":163,""y"":20,""width"":148,""height"":76}","{""class_name"":""hardhat""}"
fluro-work-wear.jpg,265798,"{""caption"":"""",""public_domain"":""no"",""image_url"":""""}",4,3,"{""name"":""rect"",""x"":286,""y"":83,""width"":98,""height"":69}","{""class_name"":""hardhat""}"
Height-Safety1.jpg,189242,"{""caption"":"""",""public_domain"":""no"",""image_url"":""""}",2,0,"{""name"":""rect"",""x"":354,""y"":29,""width"":113,""height"":93}","{""class_name"":""hardhat""}"
Height-Safety1.jpg,189242,"{""caption"":"""",""public_domain"":""no"",""image_url"":""""}",2,1,"{""name"":""rect"",""x"":349,""y"":105,""width"":191,""height"":168}","{""class_name"":""vest""}"
helmets091517.png,552127,"{""caption"":"""",""public_domain"":""no"",""image_url"":""""}",6,0,"{""name"":""rect"",""x"":306,""y"":126,""width"":158,""height"":84}","{""class_name"":""hardhat""}"
helmets091517.png,552127,"{""caption"":"""",""public_domain"":""no"",""image_url"":""""}",6,1,"{""name"":""rect"",""x"":1,""y"":19,""width"":127,""height"":98}","{""class_name"":""hardhat""}"
helmets091517.png,552127,"{""caption"":"""",""public_domain"":""no"",""image_url"":""""}",6,2,"{""name"":""rect"",""x"":624,""y"":80,""width"":143,""height"":96}","{""class_name"":""hardhat""}"
helmets091517.png,552127,"{""caption"":"""",""public_domain"":""no"",""image_url"":""""}",6,3,"{""name"":""rect"",""x"":234,""y"":285,""width"":276,""height"":113}","{""class_name"":""vest""}"
helmets091517.png,552127,"{""caption"":"""",""public_domain"":""no"",""image_url"":""""}",6,4,"{""name"":""rect"",""x"":2,""y"":185,""width"":182,""height"":211}","{""class_name"":""hardhat""}"
helmets091517.png,552127,"{""caption"":"""",""public_domain"":""no"",""image_url"":""""}",6,5,"{""name"":""rect"",""x"":582,""y"":224,""width"":183,""height"":170}","{""class_name"":""vest""}"
icon-hardhats_1400x.jpg,166608,"{""caption"":"""",""public_domain"":""no"",""image_url"":""""}",2,0,"{""name"":""rect"",""x"":87,""y"":81,""width"":583,""height"":412}","{""class_name"":""hardhat""}"
icon-hardhats_1400x.jpg,166608,"{""caption"":"""",""public_domain"":""no"",""image_url"":""""}",2,1,"{""name"":""rect"",""x"":2,""y"":701,""width"":667,""height"":374}","{""class_name"":""vest""}"
image.jpeg,6976,"{""caption"":"""",""public_domain"":""no"",""image_url"":""""}",2,0,"{""name"":""rect"",""x"":90,""y"":85,""width"":88,""height"":53}","{""class_name"":""mask""}"
image.jpeg,6976,"{""caption"":"""",""public_domain"":""no"",""image_url"":""""}",2,1,"{""name"":""rect"",""x"":89,""y"":9,""width"":97,""height"":63}","{""class_name"":""hardhat""}"
image4.jpeg,14899,"{""caption"":"""",""public_domain"":""no"",""image_url"":""""}",2,0,"{""name"":""rect"",""x"":209,""y"":5,""width"":81,""height"":43}","{""class_name"":""hardhat""}"
image4.jpeg,14899,"{""caption"":"""",""public_domain"":""no"",""image_url"":""""}",2,1,"{""name"":""rect"",""x"":162,""y"":81,""width"":124,""height"":67}","{""class_name"":""vest""}"
image5.jpeg,11838,"{""caption"":"""",""public_domain"":""no"",""image_url"":""""}",4,0,"{""name"":""rect"",""x"":162,""y"":77,""width"":77,""height"":101}","{""class_name"":""vest""}"
image5.jpeg,11838,"{""caption"":"""",""public_domain"":""no"",""image_url"":""""}",4,1,"{""name"":""rect"",""x"":143,""y"":16,""width"":68,""height"":37}","{""class_name"":""hardhat""}"
image5.jpeg,11838,"{""caption"":"""",""public_domain"":""no"",""image_url"":""""}",4,2,"{""name"":""rect"",""x"":23,""y"":23,""width"":55,""height"":34}","{""class_name"":""hardhat""}"
image5.jpeg,11838,"{""caption"":"""",""public_domain"":""no"",""image_url"":""""}",4,3,"{""name"":""rect"",""x"":6,""y"":68,""width"":101,""height"":94}","{""class_name"":""vest""}"
image6.jpeg,10122,"{""caption"":"""",""public_domain"":""no"",""image_url"":""""}",3,0,"{""name"":""rect"",""x"":33,""y"":55,""width"":92,""height"":117}","{""class_name"":""vest""}"
image6.jpeg,10122,"{""caption"":"""",""public_domain"":""no"",""image_url"":""""}",3,1,"{""name"":""rect"",""x"":34,""y"":0,""width"":74,""height"":15}","{""class_name"":""hardhat""}"
image6.jpeg,10122,"{""caption"":"""",""public_domain"":""no"",""image_url"":""""}",3,2,"{""name"":""rect"",""x"":83,""y"":13,""width"":30,""height"":31}","{""class_name"":""mask""}"
image7.jpeg,7425,"{""caption"":"""",""public_domain"":""no"",""image_url"":""""}",15,0,"{""name"":""rect"",""x"":45,""y"":40,""width"":14,""height"":7}","{""class_name"":""hardhat""}"
image7.jpeg,7425,"{""caption"":"""",""public_domain"":""no"",""image_url"":""""}",15,1,"{""name"":""rect"",""x"":105,""y"":40,""width"":13,""height"":7}","{""class_name"":""hardhat""}"
image7.jpeg,7425,"{""caption"":"""",""public_domain"":""no"",""image_url"":""""}",15,2,"{""name"":""rect"",""x"":158,""y"":40,""width"":14,""height"":7}","{""class_name"":""hardhat""}"
image7.jpeg,7425,"{""caption"":"""",""public_domain"":""no"",""image_url"":""""}",15,3,"{""name"":""rect"",""x"":216,""y"":39,""width"":15,""height"":9}","{""class_name"":""hardhat""}"
image7.jpeg,7425,"{""caption"":"""",""public_domain"":""no"",""image_url"":""""}",15,4,"{""name"":""rect"",""x"":272,""y"":40,""width"":13,""height"":8}","{""class_name"":""hardhat""}"
image7.jpeg,7425,"{""caption"":"""",""public_domain"":""no"",""image_url"":""""}",15,5,"{""name"":""rect"",""x"":41,""y"":50,""width"":28,""height"":36}","{""class_name"":""vest""}"
image7.jpeg,7425,"{""caption"":"""",""public_domain"":""no"",""image_url"":""""}",15,6,"{""name"":""rect"",""x"":94,""y"":51,""width"":30,""height"":34}","{""class_name"":""vest""}"
image7.jpeg,7425,"{""caption"":"""",""public_domain"":""no"",""image_url"":""""}",15,7,"{""name"":""rect"",""x"":151,""y"":51,""width"":34,""height"":36}","{""class_name"":""vest""}"
image7.jpeg,7425,"{""caption"":"""",""public_domain"":""no"",""image_url"":""""}",15,8,"{""name"":""rect"",""x"":207,""y"":53,""width"":27,""height"":33}","{""class_name"":""vest""}"
image7.jpeg,7425,"{""caption"":"""",""public_domain"":""no"",""image_url"":""""}",15,9,"{""name"":""rect"",""x"":262,""y"":51,""width"":33,""height"":34}","{""class_name"":""vest""}"
image7.jpeg,7425,"{""caption"":"""",""public_domain"":""no"",""image_url"":""""}",15,10,"{""name"":""rect"",""x"":44,""y"":104,""width"":20,""height"":6}","{""class_name"":""boots""}"
image7.jpeg,7425,"{""caption"":"""",""public_domain"":""no"",""image_url"":""""}",15,11,"{""name"":""rect"",""x"":105,""y"":104,""width"":17,""height"":6}","{""class_name"":""boots""}"
image7.jpeg,7425,"{""caption"":"""",""public_domain"":""no"",""image_url"":""""}",15,12,"{""name"":""rect"",""x"":157,""y"":104,""width"":18,""height"":7}","{""class_name"":""boots""}"
image7.jpeg,7425,"{""caption"":"""",""public_domain"":""no"",""image_url"":""""}",15,13,"{""name"":""rect"",""x"":213,""y"":104,""width"":17,""height"":6}","{""class_name"":""boots""}"
image7.jpeg,7425,"{""caption"":"""",""public_domain"":""no"",""image_url"":""""}",15,14,"{""name"":""rect"",""x"":267,""y"":105,""width"":19,""height"":6}","{""class_name"":""boots""}"
image8.jpeg,6677,"{""caption"":"""",""public_domain"":""no"",""image_url"":""""}",4,0,"{""name"":""rect"",""x"":81,""y"":169,""width"":44,""height"":30}","{""class_name"":""boots""}"
image8.jpeg,6677,"{""caption"":"""",""public_domain"":""no"",""image_url"":""""}",4,1,"{""name"":""rect"",""x"":77,""y"":47,""width"":53,""height"":66}","{""class_name"":""vest""}"
image8.jpeg,6677,"{""caption"":"""",""public_domain"":""no"",""image_url"":""""}",4,2,"{""name"":""rect"",""x"":93,""y"":15,""width"":24,""height"":13}","{""class_name"":""hardhat""}"
image8.jpeg,6677,"{""caption"":"""",""public_domain"":""no"",""image_url"":""""}",4,3,"{""name"":""rect"",""x"":96,""y"":34,""width"":17,""height"":9}","{""class_name"":""mask""}"
image10.jpeg,15587,"{""caption"":"""",""public_domain"":""no"",""image_url"":""""}",14,0,"{""name"":""rect"",""x"":31,""y"":63,""width"":52,""height"":70}","{""class_name"":""vest""}"
image10.jpeg,15587,"{""caption"":"""",""public_domain"":""no"",""image_url"":""""}",14,1,"{""name"":""rect"",""x"":247,""y"":66,""width"":13,""height"":11}","{""class_name"":""mask""}"
image10.jpeg,15587,"{""caption"":"""",""public_domain"":""no"",""image_url"":""""}",14,2,"{""name"":""rect"",""x"":245,""y"":51,""width"":28,""height"":15}","{""class_name"":""mask""}"
image10.jpeg,15587,"{""caption"":"""",""public_domain"":""no"",""image_url"":""""}",14,3,"{""name"":""rect"",""x"":245,""y"":79,""width"":29,""height"":40}","{""class_name"":""vest""}"
image10.jpeg,15587,"{""caption"":"""",""public_domain"":""no"",""image_url"":""""}",14,4,"{""name"":""rect"",""x"":206,""y"":61,""width"":33,""height"":52}","{""class_name"":""vest""}"
image10.jpeg,15587,"{""caption"":"""",""public_domain"":""no"",""image_url"":""""}",14,5,"{""name"":""rect"",""x"":209,""y"":48,""width"":23,""height"":9}","{""class_name"":""mask""}"
image10.jpeg,15587,"{""caption"":"""",""public_domain"":""no"",""image_url"":""""}",14,6,"{""name"":""rect"",""x"":205,""y"":31,""width"":30,""height"":14}","{""class_name"":""hardhat""}"
image10.jpeg,15587,"{""caption"":"""",""public_domain"":""no"",""image_url"":""""}",14,7,"{""name"":""rect"",""x"":54,""y"":29,""width"":33,""height"":23}","{""class_name"":""hardhat""}"
image10.jpeg,15587,"{""caption"":"""",""public_domain"":""no"",""image_url"":""""}",14,8,"{""name"":""rect"",""x"":129,""y"":44,""width"":13,""height"":8}","{""class_name"":""hardhat""}"
image10.jpeg,15587,"{""caption"":"""",""public_domain"":""no"",""image_url"":""""}",14,9,"{""name"":""rect"",""x"":133,""y"":114,""width"":18,""height"":7}","{""class_name"":""boots""}"
image10.jpeg,15587,"{""caption"":"""",""public_domain"":""no"",""image_url"":""""}",14,10,"{""name"":""rect"",""x"":126,""y"":58,""width"":22,""height"":25}","{""class_name"":""vest""}"
image10.jpeg,15587,"{""caption"":"""",""public_domain"":""no"",""image_url"":""""}",14,11,"{""name"":""rect"",""x"":169,""y"":81,""width"":11,""height"":5}","{""class_name"":""hardhat""}"
image10.jpeg,15587,"{""caption"":"""",""public_domain"":""no"",""image_url"":""""}",14,12,"{""name"":""rect"",""x"":186,""y"":83,""width"":14,""height"":10}","{""class_name"":""hardhat""}"
image10.jpeg,15587,"{""caption"":"""",""public_domain"":""no"",""image_url"":""""}",14,13,"{""name"":""rect"",""x"":85,""y"":75,""width"":13,""height"":12}","{""class_name"":""hardhat""}"
image11.jpeg,9998,"{""caption"":"""",""public_domain"":""no"",""image_url"":""""}",6,0,"{""name"":""rect"",""x"":13,""y"":13,""width"":70,""height"":41}","{""class_name"":""hardhat""}"
image11.jpeg,9998,"{""caption"":"""",""public_domain"":""no"",""image_url"":""""}",6,1,"{""name"":""rect"",""x"":75,""y"":33,""width"":52,""height"":33}","{""class_name"":""hardhat""}"
image11.jpeg,9998,"{""caption"":"""",""public_domain"":""no"",""image_url"":""""}",6,2,"{""name"":""rect"",""x"":133,""y"":38,""width"":47,""height"":28}","{""class_name"":""hardhat""}"
image11.jpeg,9998,"{""caption"":"""",""public_domain"":""no"",""image_url"":""""}",6,3,"{""name"":""rect"",""x"":1,""y"":84,""width"":61,""height"":91}","{""class_name"":""vest""}"
image11.jpeg,9998,"{""caption"":"""",""public_domain"":""no"",""image_url"":""""}",6,4,"{""name"":""rect"",""x"":52,""y"":88,""width"":71,""height"":87}","{""class_name"":""vest""}"
image11.jpeg,9998,"{""caption"":"""",""public_domain"":""no"",""image_url"":""""}",6,5,"{""name"":""rect"",""x"":120,""y"":83,""width"":78,""height"":33}","{""class_name"":""vest""}"
image12.jpeg,6835,"{""caption"":"""",""public_domain"":""no"",""image_url"":""""}",2,0,"{""name"":""rect"",""x"":163,""y"":61,""width"":62,""height"":47}","{""class_name"":""mask""}"
image12.jpeg,6835,"{""caption"":"""",""public_domain"":""no"",""image_url"":""""}",2,1,"{""name"":""rect"",""x"":160,""y"":0,""width"":79,""height"":54}","{""class_name"":""hardhat""}"
image13.jpeg,10377,"{""caption"":"""",""public_domain"":""no"",""image_url"":""""}",15,0,"{""name"":""rect"",""x"":106,""y"":65,""width"":16,""height"":11}","{""class_name"":""mask""}"
image13.jpeg,10377,"{""caption"":"""",""public_domain"":""no"",""image_url"":""""}",15,1,"{""name"":""rect"",""x"":201,""y"":90,""width"":13,""height"":8}","{""class_name"":""mask""}"
image13.jpeg,10377,"{""caption"":"""",""public_domain"":""no"",""image_url"":""""}",15,2,"{""name"":""rect"",""x"":200,""y"":80,""width"":17,""height"":8}","{""class_name"":""hardhat""}"
image13.jpeg,10377,"{""caption"":"""",""public_domain"":""no"",""image_url"":""""}",15,3,"{""name"":""rect"",""x"":98,""y"":52,""width"":24,""height"":12}","{""class_name"":""hardhat""}"
image13.jpeg,10377,"{""caption"":"""",""public_domain"":""no"",""image_url"":""""}",15,4,"{""name"":""rect"",""x"":32,""y"":14,""width"":7,""height"":4}","{""class_name"":""hardhat""}"
image13.jpeg,10377,"{""caption"":"""",""public_domain"":""no"",""image_url"":""""}",15,5,"{""name"":""rect"",""x"":28,""y"":65,""width"":20,""height"":8}","{""class_name"":""boots""}"
image13.jpeg,10377,"{""caption"":"""",""public_domain"":""no"",""image_url"":""""}",15,6,"{""name"":""rect"",""x"":33,""y"":19,""width"":5,""height"":4}","{""class_name"":""mask""}"
image13.jpeg,10377,"{""caption"":"""",""public_domain"":""no"",""image_url"":""""}",15,7,"{""name"":""rect"",""x"":51,""y"":128,""width"":7,""height"":6}","{""class_name"":""mask""}"
image13.jpeg,10377,"{""caption"":"""",""public_domain"":""no"",""image_url"":""""}",15,8,"{""name"":""rect"",""x"":49,""y"":120,""width"":11,""height"":6}","{""class_name"":""hardhat""}"
image13.jpeg,10377,"{""caption"":"""",""public_domain"":""no"",""image_url"":""""}",15,9,"{""name"":""rect"",""x"":43,""y"":132,""width"":22,""height"":32}","{""class_name"":""vest""}"
image13.jpeg,10377,"{""caption"":"""",""public_domain"":""no"",""image_url"":""""}",15,10,"{""name"":""rect"",""x"":90,""y"":79,""width"":45,""height"":54}","{""class_name"":""vest""}"
image13.jpeg,10377,"{""caption"":"""",""public_domain"":""no"",""image_url"":""""}",15,11,"{""name"":""rect"",""x"":195,""y"":98,""width"":25,""height"":36}","{""class_name"":""vest""}"
image13.jpeg,10377,"{""caption"":"""",""public_domain"":""no"",""image_url"":""""}",15,12,"{""name"":""rect"",""x"":95,""y"":189,""width"":14,""height"":13}","{""class_name"":""boots""}"
image13.jpeg,10377,"{""caption"":"""",""public_domain"":""no"",""image_url"":""""}",15,13,"{""name"":""rect"",""x"":35,""y"":194,""width"":23,""height"":11}","{""class_name"":""boots""}"
image13.jpeg,10377,"{""caption"":"""",""public_domain"":""no"",""image_url"":""""}",15,14,"{""name"":""rect"",""x"":194,""y"":172,""width"":24,""height"":17}","{""class_name"":""boots""}"
image18.jpeg,12391,"{""caption"":"""",""public_domain"":""no"",""image_url"":""""}",8,0,"{""name"":""rect"",""x"":157,""y"":43,""width"":19,""height"":11}","{""class_name"":""hardhat""}"
image18.jpeg,12391,"{""caption"":"""",""public_domain"":""no"",""image_url"":""""}",8,1,"{""name"":""rect"",""x"":189,""y"":53,""width"":17,""height"":9}","{""class_name"":""hardhat""}"
image18.jpeg,12391,"{""caption"":"""",""public_domain"":""no"",""image_url"":""""}",8,2,"{""name"":""rect"",""x"":107,""y"":55,""width"":18,""height"":12}","{""class_name"":""hardhat""}"
image18.jpeg,12391,"{""caption"":"""",""public_domain"":""no"",""image_url"":""""}",8,3,"{""name"":""rect"",""x"":52,""y"":48,""width"":17,""height"":10}","{""class_name"":""hardhat""}"
image18.jpeg,12391,"{""caption"":"""",""public_domain"":""no"",""image_url"":""""}",8,4,"{""name"":""rect"",""x"":156,""y"":62,""width"":28,""height"":44}","{""class_name"":""hardhat""}"
image18.jpeg,12391,"{""caption"":"""",""public_domain"":""no"",""image_url"":""""}",8,5,"{""name"":""rect"",""x"":96,""y"":71,""width"":36,""height"":53}","{""class_name"":""hardhat""}"
image18.jpeg,12391,"{""caption"":"""",""public_domain"":""no"",""image_url"":""""}",8,6,"{""name"":""rect"",""x"":186,""y"":70,""width"":28,""height"":45}","{""class_name"":""hardhat""}"
image18.jpeg,12391,"{""caption"":"""",""public_domain"":""no"",""image_url"":""""}",8,7,"{""name"":""rect"",""x"":159,""y"":150,""width"":20,""height"":15}","{""class_name"":""boots""}"
images5.jpg,9466,"{""caption"":"""",""public_domain"":""no"",""image_url"":""""}",2,0,"{""name"":""rect"",""x"":23,""y"":145,""width"":50,""height"":43}","{""class_name"":""hardhat""}"
images5.jpg,9466,"{""caption"":"""",""public_domain"":""no"",""image_url"":""""}",2,1,"{""name"":""rect"",""x"":54,""y"":79,""width"":110,""height"":174}","{""class_name"":""vest""}"
images6.jpg,9437,"{""caption"":"""",""public_domain"":""no"",""image_url"":""""}",2,0,"{""name"":""rect"",""x"":66,""y"":10,""width"":89,""height"":54}","{""class_name"":""hardhat""}"
images6.jpg,9437,"{""caption"":"""",""public_domain"":""no"",""image_url"":""""}",2,1,"{""name"":""rect"",""x"":33,""y"":119,""width"":156,""height"":144}","{""class_name"":""vest""}"
images8.jpg,3943,"{""caption"":"""",""public_domain"":""no"",""image_url"":""""}",8,0,"{""name"":""rect"",""x"":22,""y"":75,""width"":22,""height"":10}","{""class_name"":""boots""}"
images8.jpg,3943,"{""caption"":"""",""public_domain"":""no"",""image_url"":""""}",8,1,"{""name"":""rect"",""x"":43,""y"":69,""width"":27,""height"":11}","{""class_name"":""boots""}"
images8.jpg,3943,"{""caption"":"""",""public_domain"":""no"",""image_url"":""""}",8,2,"{""name"":""rect"",""x"":77,""y"":70,""width"":19,""height"":17}","{""class_name"":""boots""}"
images8.jpg,3943,"{""caption"":"""",""public_domain"":""no"",""image_url"":""""}",8,3,"{""name"":""rect"",""x"":0,""y"":75,""width"":14,""height"":12}","{""class_name"":""boots""}"
images8.jpg,3943,"{""caption"":"""",""public_domain"":""no"",""image_url"":""""}",8,4,"{""name"":""rect"",""x"":31,""y"":13,""width"":10,""height"":6}","{""class_name"":""hardhat""}"
images8.jpg,3943,"{""caption"":"""",""public_domain"":""no"",""image_url"":""""}",8,5,"{""name"":""rect"",""x"":53,""y"":11,""width"":13,""height"":5}","{""class_name"":""hardhat""}"
images8.jpg,3943,"{""caption"":"""",""public_domain"":""no"",""image_url"":""""}",8,6,"{""name"":""rect"",""x"":80,""y"":11,""width"":12,""height"":7}","{""class_name"":""hardhat""}"
images8.jpg,3943,"{""caption"":"""",""public_domain"":""no"",""image_url"":""""}",8,7,"{""name"":""rect"",""x"":4,""y"":6,""width"":11,""height"":8}","{""class_name"":""hardhat""}"
images11.jpg,9277,"{""caption"":"""",""public_domain"":""no"",""image_url"":""""}",3,0,"{""name"":""rect"",""x"":91,""y"":26,""width"":80,""height"":61}","{""class_name"":""hardhat""}"
images11.jpg,9277,"{""caption"":"""",""public_domain"":""no"",""image_url"":""""}",3,1,"{""name"":""rect"",""x"":89,""y"":80,""width"":30,""height"":41}","{""class_name"":""mask""}"
images11.jpg,9277,"{""caption"":"""",""public_domain"":""no"",""image_url"":""""}",3,2,"{""name"":""rect"",""x"":61,""y"":115,""width"":106,""height"":117}","{""class_name"":""vest""}"
images18.jpg,11348,"{""caption"":"""",""public_domain"":""no"",""image_url"":""""}",3,0,"{""name"":""rect"",""x"":74,""y"":45,""width"":52,""height"":67}","{""class_name"":""vest""}"
images18.jpg,11348,"{""caption"":"""",""public_domain"":""no"",""image_url"":""""}",3,1,"{""name"":""rect"",""x"":87,""y"":9,""width"":26,""height"":18}","{""class_name"":""hardhat""}"
images18.jpg,11348,"{""caption"":"""",""public_domain"":""no"",""image_url"":""""}",3,2,"{""name"":""rect"",""x"":85,""y"":180,""width"":64,""height"":32}","{""class_name"":""boots""}"
images19.jpg,14261,"{""caption"":"""",""public_domain"":""no"",""image_url"":""""}",14,0,"{""name"":""rect"",""x"":76,""y"":124,""width"":30,""height"":20}","{""class_name"":""boots""}"
images19.jpg,14261,"{""caption"":"""",""public_domain"":""no"",""image_url"":""""}",14,1,"{""name"":""rect"",""x"":25,""y"":129,""width"":36,""height"":15}","{""class_name"":""boots""}"
images19.jpg,14261,"{""caption"":"""",""public_domain"":""no"",""image_url"":""""}",14,2,"{""name"":""rect"",""x"":225,""y"":33,""width"":44,""height"":58}","{""class_name"":""vest""}"
images19.jpg,14261,"{""caption"":"""",""public_domain"":""no"",""image_url"":""""}",14,3,"{""name"":""rect"",""x"":286,""y"":41,""width"":36,""height"":50}","{""class_name"":""vest""}"
images19.jpg,14261,"{""caption"":"""",""public_domain"":""no"",""image_url"":""""}",14,4,"{""name"":""rect"",""x"":169,""y"":30,""width"":45,""height"":56}","{""class_name"":""vest""}"
images19.jpg,14261,"{""caption"":"""",""public_domain"":""no"",""image_url"":""""}",14,5,"{""name"":""rect"",""x"":109,""y"":34,""width"":43,""height"":53}","{""class_name"":""vest""}"
images19.jpg,14261,"{""caption"":"""",""public_domain"":""no"",""image_url"":""""}",14,6,"{""name"":""rect"",""x"":66,""y"":31,""width"":41,""height"":65}","{""class_name"":""vest""}"
images19.jpg,14261,"{""caption"":"""",""public_domain"":""no"",""image_url"":""""}",14,7,"{""name"":""rect"",""x"":13,""y"":27,""width"":45,""height"":56}","{""class_name"":""vest""}"
images19.jpg,14261,"{""caption"":"""",""public_domain"":""no"",""image_url"":""""}",14,8,"{""name"":""rect"",""x"":29,""y"":5,""width"":20,""height"":13}","{""class_name"":""hardhat""}"
images19.jpg,14261,"{""caption"":"""",""public_domain"":""no"",""image_url"":""""}",14,9,"{""name"":""rect"",""x"":82,""y"":14,""width"":23,""height"":14}","{""class_name"":""hardhat""}"
images19.jpg,14261,"{""caption"":"""",""public_domain"":""no"",""image_url"":""""}",14,10,"{""name"":""rect"",""x"":116,""y"":15,""width"":21,""height"":16}","{""class_name"":""hardhat""}"
images19.jpg,14261,"{""caption"":"""",""public_domain"":""no"",""image_url"":""""}",14,11,"{""name"":""rect"",""x"":181,""y"":12,""width"":24,""height"":16}","{""class_name"":""hardhat""}"
images19.jpg,14261,"{""caption"":"""",""public_domain"":""no"",""image_url"":""""}",14,12,"{""name"":""rect"",""x"":237,""y"":13,""width"":20,""height"":19}","{""class_name"":""hardhat""}"
images19.jpg,14261,"{""caption"":"""",""public_domain"":""no"",""image_url"":""""}",14,13,"{""name"":""rect"",""x"":297,""y"":17,""width"":19,""height"":14}","{""class_name"":""hardhat""}"
images24.jpg,11163,"{""caption"":"""",""public_domain"":""no"",""image_url"":""""}",4,0,"{""name"":""rect"",""x"":69,""y"":33,""width"":14,""height"":18}","{""class_name"":""mask""}"
images24.jpg,11163,"{""caption"":"""",""public_domain"":""no"",""image_url"":""""}",4,1,"{""name"":""rect"",""x"":63,""y"":58,""width"":52,""height"":82}","{""class_name"":""vest""}"
images24.jpg,11163,"{""caption"":"""",""public_domain"":""no"",""image_url"":""""}",4,2,"{""name"":""rect"",""x"":63,""y"":0,""width"":46,""height"":32}","{""class_name"":""hardhat""}"
images24.jpg,11163,"{""caption"":"""",""public_domain"":""no"",""image_url"":""""}",4,3,"{""name"":""rect"",""x"":54,""y"":219,""width"":55,""height"":50}","{""class_name"":""boots""}"
images29.jpg,7046,"{""caption"":"""",""public_domain"":""no"",""image_url"":""""}",4,0,"{""name"":""rect"",""x"":63,""y"":61,""width"":78,""height"":76}","{""class_name"":""vest""}"
images29.jpg,7046,"{""caption"":"""",""public_domain"":""no"",""image_url"":""""}",4,1,"{""name"":""rect"",""x"":79,""y"":29,""width"":37,""height"":17}","{""class_name"":""hardhat""}"
images29.jpg,7046,"{""caption"":"""",""public_domain"":""no"",""image_url"":""""}",4,2,"{""name"":""rect"",""x"":89,""y"":51,""width"":21,""height"":14}","{""class_name"":""mask""}"
images29.jpg,7046,"{""caption"":"""",""public_domain"":""no"",""image_url"":""""}",4,3,"{""name"":""rect"",""x"":69,""y"":202,""width"":56,""height"":24}","{""class_name"":""boots""}"
images41.jpg,8008,"{""caption"":"""",""public_domain"":""no"",""image_url"":""""}",2,0,"{""name"":""rect"",""x"":2,""y"":1,""width"":196,""height"":103}","{""class_name"":""hardhat""}"
images41.jpg,8008,"{""caption"":"""",""public_domain"":""no"",""image_url"":""""}",2,1,"{""name"":""rect"",""x"":1,""y"":184,""width"":203,""height"":60}","{""class_name"":""vest""}"
images49.jpg,4616,"{""caption"":"""",""public_domain"":""no"",""image_url"":""""}",1,0,"{""name"":""rect"",""x"":71,""y"":110,""width"":57,""height"":44}","{""class_name"":""mask""}"
images51.jpg,10784,"{""caption"":"""",""public_domain"":""no"",""image_url"":""""}",9,0,"{""name"":""rect"",""x"":98,""y"":23,""width"":43,""height"":28}","{""class_name"":""hardhat""}"
images51.jpg,10784,"{""caption"":"""",""public_domain"":""no"",""image_url"":""""}",9,1,"{""name"":""rect"",""x"":201,""y"":2,""width"":55,""height"":38}","{""class_name"":""hardhat""}"
images51.jpg,10784,"{""caption"":"""",""public_domain"":""no"",""image_url"":""""}",9,2,"{""name"":""rect"",""x"":70,""y"":8,""width"":37,""height"":20}","{""class_name"":""hardhat""}"
images51.jpg,10784,"{""caption"":"""",""public_domain"":""no"",""image_url"":""""}",9,3,"{""name"":""rect"",""x"":1,""y"":1,""width"":37,""height"":43}","{""class_name"":""hardhat""}"
images51.jpg,10784,"{""caption"":"""",""public_domain"":""no"",""image_url"":""""}",9,4,"{""name"":""rect"",""x"":249,""y"":27,""width"":18,""height"":24}","{""class_name"":""hardhat""}"
images51.jpg,10784,"{""caption"":"""",""public_domain"":""no"",""image_url"":""""}",9,5,"{""name"":""rect"",""x"":66,""y"":66,""width"":94,""height"":116}","{""class_name"":""vest""}"
images51.jpg,10784,"{""caption"":"""",""public_domain"":""no"",""image_url"":""""}",9,6,"{""name"":""rect"",""x"":139,""y"":64,""width"":135,""height"":117}","{""class_name"":""vest""}"
images51.jpg,10784,"{""caption"":"""",""public_domain"":""no"",""image_url"":""""}",9,7,"{""name"":""rect"",""x"":0,""y"":60,""width"":79,""height"":122}","{""class_name"":""vest""}"
images51.jpg,10784,"{""caption"":"""",""public_domain"":""no"",""image_url"":""""}",9,8,"{""name"":""rect"",""x"":38,""y"":42,""width"":71,""height"":51}","{""class_name"":""vest""}"
images53.jpg,6092,"{""caption"":"""",""public_domain"":""no"",""image_url"":""""}",1,0,"{""name"":""rect"",""x"":62,""y"":19,""width"":120,""height"":102}","{""class_name"":""hardhat""}"
images55.jpg,6177,"{""caption"":"""",""public_domain"":""no"",""image_url"":""""}",4,0,"{""name"":""rect"",""x"":81,""y"":9,""width"":29,""height"":15}","{""class_name"":""hardhat""}"
images55.jpg,6177,"{""caption"":"""",""public_domain"":""no"",""image_url"":""""}",4,1,"{""name"":""rect"",""x"":88,""y"":29,""width"":22,""height"":14}","{""class_name"":""mask""}"
images55.jpg,6177,"{""caption"":"""",""public_domain"":""no"",""image_url"":""""}",4,2,"{""name"":""rect"",""x"":70,""y"":35,""width"":43,""height"":62}","{""class_name"":""vest""}"
images55.jpg,6177,"{""caption"":"""",""public_domain"":""no"",""image_url"":""""}",4,3,"{""name"":""rect"",""x"":77,""y"":149,""width"":22,""height"":18}","{""class_name"":""boots""}"
images56.jpg,13424,"{""caption"":"""",""public_domain"":""no"",""image_url"":""""}",18,0,"{""name"":""rect"",""x"":118,""y"":125,""width"":9,""height"":5}","{""class_name"":""mask""}"
images56.jpg,13424,"{""caption"":"""",""public_domain"":""no"",""image_url"":""""}",18,1,"{""name"":""rect"",""x"":117,""y"":114,""width"":12,""height"":9}","{""class_name"":""hardhat""}"
images56.jpg,13424,"{""caption"":"""",""public_domain"":""no"",""image_url"":""""}",18,2,"{""name"":""rect"",""x"":105,""y"":198,""width"":29,""height"":13}","{""class_name"":""boots""}"
images56.jpg,13424,"{""caption"":"""",""public_domain"":""no"",""image_url"":""""}",18,3,"{""name"":""rect"",""x"":141,""y"":200,""width"":21,""height"":20}","{""class_name"":""boots""}"
images56.jpg,13424,"{""caption"":"""",""public_domain"":""no"",""image_url"":""""}",18,4,"{""name"":""rect"",""x"":78,""y"":196,""width"":18,""height"":14}","{""class_name"":""boots""}"
images56.jpg,13424,"{""caption"":"""",""public_domain"":""no"",""image_url"":""""}",18,5,"{""name"":""rect"",""x"":39,""y"":199,""width"":27,""height"":12}","{""class_name"":""boots""}"
images56.jpg,13424,"{""caption"":"""",""public_domain"":""no"",""image_url"":""""}",18,6,"{""name"":""rect"",""x"":13,""y"":198,""width"":29,""height"":17}","{""class_name"":""boots""}"
images56.jpg,13424,"{""caption"":"""",""public_domain"":""no"",""image_url"":""""}",18,7,"{""name"":""rect"",""x"":149,""y"":131,""width"":29,""height"":37}","{""class_name"":""vest""}"
images56.jpg,13424,"{""caption"":"""",""public_domain"":""no"",""image_url"":""""}",18,8,"{""name"":""rect"",""x"":106,""y"":130,""width"":33,""height"":37}","{""class_name"":""vest""}"
images56.jpg,13424,"{""caption"":"""",""public_domain"":""no"",""image_url"":""""}",18,9,"{""name"":""rect"",""x"":73,""y"":134,""width"":27,""height"":34}","{""class_name"":""vest""}"
images56.jpg,13424,"{""caption"":"""",""public_domain"":""no"",""image_url"":""""}",18,10,"{""name"":""rect"",""x"":45,""y"":128,""width"":25,""height"":33}","{""class_name"":""vest""}"
images56.jpg,13424,"{""caption"":"""",""public_domain"":""no"",""image_url"":""""}",18,11,"{""name"":""rect"",""x"":6,""y"":120,""width"":38,""height"":43}","{""class_name"":""vest""}"
images56.jpg,13424,"{""caption"":"""",""public_domain"":""no"",""image_url"":""""}",18,12,"{""name"":""rect"",""x"":49,""y"":120,""width"":10,""height"":6}","{""class_name"":""mask""}"
images56.jpg,13424,"{""caption"":"""",""public_domain"":""no"",""image_url"":""""}",18,13,"{""name"":""rect"",""x"":15,""y"":101,""width"":21,""height"":10}","{""class_name"":""hardhat""}"
images56.jpg,13424,"{""caption"":"""",""public_domain"":""no"",""image_url"":""""}",18,14,"{""name"":""rect"",""x"":82,""y"":119,""width"":15,""height"":8}","{""class_name"":""hardhat""}"
images56.jpg,13424,"{""caption"":"""",""public_domain"":""no"",""image_url"":""""}",18,15,"{""name"":""rect"",""x"":158,""y"":115,""width"":19,""height"":12}","{""class_name"":""hardhat""}"
images56.jpg,13424,"{""caption"":"""",""public_domain"":""no"",""image_url"":""""}",18,16,"{""name"":""rect"",""x"":88,""y"":129,""width"":7,""height"":4}","{""class_name"":""mask""}"
images56.jpg,13424,"{""caption"":"""",""public_domain"":""no"",""image_url"":""""}",18,17,"{""name"":""rect"",""x"":160,""y"":126,""width"":6,""height"":5}","{""class_name"":""mask""}"
images59.jpg,9850,"{""caption"":"""",""public_domain"":""no"",""image_url"":""""}",2,0,"{""name"":""rect"",""x"":72,""y"":36,""width"":74,""height"":48}","{""class_name"":""hardhat""}"
images59.jpg,9850,"{""caption"":"""",""public_domain"":""no"",""image_url"":""""}",2,1,"{""name"":""rect"",""x"":77,""y"":101,""width"":90,""height"":136}","{""class_name"":""vest""}"
images60.jpg,13129,"{""caption"":"""",""public_domain"":""no"",""image_url"":""""}",18,0,"{""name"":""rect"",""x"":44,""y"":55,""width"":17,""height"":10}","{""class_name"":""hardhat""}"
images60.jpg,13129,"{""caption"":"""",""public_domain"":""no"",""image_url"":""""}",18,1,"{""name"":""rect"",""x"":70,""y"":53,""width"":20,""height"":12}","{""class_name"":""hardhat""}"
images60.jpg,13129,"{""caption"":"""",""public_domain"":""no"",""image_url"":""""}",18,2,"{""name"":""rect"",""x"":93,""y"":53,""width"":16,""height"":11}","{""class_name"":""hardhat""}"
images60.jpg,13129,"{""caption"":"""",""public_domain"":""no"",""image_url"":""""}",18,3,"{""name"":""rect"",""x"":118,""y"":51,""width"":17,""height"":10}","{""class_name"":""hardhat""}"
images60.jpg,13129,"{""caption"":"""",""public_domain"":""no"",""image_url"":""""}",18,4,"{""name"":""rect"",""x"":144,""y"":52,""width"":18,""height"":12}","{""class_name"":""hardhat""}"
images60.jpg,13129,"{""caption"":"""",""public_domain"":""no"",""image_url"":""""}",18,5,"{""name"":""rect"",""x"":170,""y"":51,""width"":17,""height"":10}","{""class_name"":""hardhat""}"
images60.jpg,13129,"{""caption"":"""",""public_domain"":""no"",""image_url"":""""}",18,6,"{""name"":""rect"",""x"":188,""y"":48,""width"":15,""height"":11}","{""class_name"":""hardhat""}"
images60.jpg,13129,"{""caption"":"""",""public_domain"":""no"",""image_url"":""""}",18,7,"{""name"":""rect"",""x"":126,""y"":94,""width"":18,""height"":14}","{""class_name"":""hardhat""}"
images60.jpg,13129,"{""caption"":"""",""public_domain"":""no"",""image_url"":""""}",18,8,"{""name"":""rect"",""x"":79,""y"":99,""width"":18,""height"":11}","{""class_name"":""hardhat""}"
images60.jpg,13129,"{""caption"":"""",""public_domain"":""no"",""image_url"":""""}",18,9,"{""name"":""rect"",""x"":69,""y"":118,""width"":29,""height"":39}","{""class_name"":""vest""}"
images60.jpg,13129,"{""caption"":"""",""public_domain"":""no"",""image_url"":""""}",18,10,"{""name"":""rect"",""x"":34,""y"":77,""width"":27,""height"":40}","{""class_name"":""vest""}"
images60.jpg,13129,"{""caption"":"""",""public_domain"":""no"",""image_url"":""""}",18,11,"{""name"":""rect"",""x"":63,""y"":72,""width"":31,""height"":35}","{""class_name"":""vest""}"
images60.jpg,13129,"{""caption"":"""",""public_domain"":""no"",""image_url"":""""}",18,12,"{""name"":""rect"",""x"":87,""y"":71,""width"":27,""height"":48}","{""class_name"":""vest""}"
images60.jpg,13129,"{""caption"":"""",""public_domain"":""no"",""image_url"":""""}",18,13,"{""name"":""rect"",""x"":114,""y"":69,""width"":28,""height"":47}","{""class_name"":""vest""}"
images60.jpg,13129,"{""caption"":"""",""public_domain"":""no"",""image_url"":""""}",18,14,"{""name"":""rect"",""x"":142,""y"":72,""width"":30,""height"":48}","{""class_name"":""vest""}"
images60.jpg,13129,"{""caption"":"""",""public_domain"":""no"",""image_url"":""""}",18,15,"{""name"":""rect"",""x"":118,""y"":117,""width"":33,""height"":41}","{""class_name"":""vest""}"
images60.jpg,13129,"{""caption"":"""",""public_domain"":""no"",""image_url"":""""}",18,16,"{""name"":""rect"",""x"":187,""y"":72,""width"":26,""height"":51}","{""class_name"":""vest""}"
images60.jpg,13129,"{""caption"":"""",""public_domain"":""no"",""image_url"":""""}",18,17,"{""name"":""rect"",""x"":166,""y"":67,""width"":27,""height"":53}","{""class_name"":""vest""}"
images61.jpg,7234,"{""caption"":"""",""public_domain"":""no"",""image_url"":""""}",1,0,"{""name"":""rect"",""x"":86,""y"":65,""width"":100,""height"":73}","{""class_name"":""mask""}"
images67.jpg,15413,"{""caption"":"""",""public_domain"":""no"",""image_url"":""""}",4,0,"{""name"":""rect"",""x"":142,""y"":1,""width"":47,""height"":24}","{""class_name"":""hardhat""}"
images67.jpg,15413,"{""caption"":"""",""public_domain"":""no"",""image_url"":""""}",4,1,"{""name"":""rect"",""x"":220,""y"":5,""width"":36,""height"":26}","{""class_name"":""hardhat""}"
images67.jpg,15413,"{""caption"":"""",""public_domain"":""no"",""image_url"":""""}",4,2,"{""name"":""rect"",""x"":195,""y"":40,""width"":67,""height"":75}","{""class_name"":""vest""}"
images67.jpg,15413,"{""caption"":"""",""public_domain"":""no"",""image_url"":""""}",4,3,"{""name"":""rect"",""x"":112,""y"":34,""width"":72,""height"":82}","{""class_name"":""vest""}"
images71.jpg,10720,"{""caption"":"""",""public_domain"":""no"",""image_url"":""""}",4,0,"{""name"":""rect"",""x"":104,""y"":31,""width"":18,""height"":12}","{""class_name"":""mask""}"
images71.jpg,10720,"{""caption"":"""",""public_domain"":""no"",""image_url"":""""}",4,1,"{""name"":""rect"",""x"":100,""y"":9,""width"":27,""height"":17}","{""class_name"":""hardhat""}"
images71.jpg,10720,"{""caption"":"""",""public_domain"":""no"",""image_url"":""""}",4,2,"{""name"":""rect"",""x"":93,""y"":43,""width"":42,""height"":64}","{""class_name"":""vest""}"
images71.jpg,10720,"{""caption"":"""",""public_domain"":""no"",""image_url"":""""}",4,3,"{""name"":""rect"",""x"":89,""y"":179,""width"":54,""height"":23}","{""class_name"":""boots""}"
images72.jpg,11057,"{""caption"":"""",""public_domain"":""no"",""image_url"":""""}",2,0,"{""name"":""rect"",""x"":180,""y"":47,""width"":63,""height"":86}","{""class_name"":""vest""}"
images72.jpg,11057,"{""caption"":"""",""public_domain"":""no"",""image_url"":""""}",2,1,"{""name"":""rect"",""x"":157,""y"":12,""width"":45,""height"":46}","{""class_name"":""hardhat""}"
images73.jpg,17929,"{""caption"":"""",""public_domain"":""no"",""image_url"":""""}",3,0,"{""name"":""rect"",""x"":65,""y"":15,""width"":53,""height"":41}","{""class_name"":""hardhat""}"
images73.jpg,17929,"{""caption"":"""",""public_domain"":""no"",""image_url"":""""}",3,1,"{""name"":""rect"",""x"":52,""y"":74,""width"":79,""height"":118}","{""class_name"":""vest""}"
images73.jpg,17929,"{""caption"":"""",""public_domain"":""no"",""image_url"":""""}",3,2,"{""name"":""rect"",""x"":53,""y"":217,""width"":76,""height"":45}","{""class_name"":""boots""}"
images75.jpg,10855,"{""caption"":"""",""public_domain"":""no"",""image_url"":""""}",11,0,"{""name"":""rect"",""x"":172,""y"":34,""width"":21,""height"":13}","{""class_name"":""hardhat""}"
images75.jpg,10855,"{""caption"":"""",""public_domain"":""no"",""image_url"":""""}",11,1,"{""name"":""rect"",""x"":101,""y"":35,""width"":21,""height"":13}","{""class_name"":""hardhat""}"
images75.jpg,10855,"{""caption"":"""",""public_domain"":""no"",""image_url"":""""}",11,2,"{""name"":""rect"",""x"":17,""y"":1,""width"":52,""height"":27}","{""class_name"":""hardhat""}"
images75.jpg,10855,"{""caption"":"""",""public_domain"":""no"",""image_url"":""""}",11,3,"{""name"":""rect"",""x"":216,""y"":41,""width"":43,""height"":42}","{""class_name"":""hardhat""}"
images75.jpg,10855,"{""caption"":"""",""public_domain"":""no"",""image_url"":""""}",11,4,"{""name"":""rect"",""x"":64,""y"":18,""width"":21,""height"":19}","{""class_name"":""hardhat""}"
images75.jpg,10855,"{""caption"":"""",""public_domain"":""no"",""image_url"":""""}",11,5,"{""name"":""rect"",""x"":93,""y"":57,""width"":35,""height"":51}","{""class_name"":""vest""}"
images75.jpg,10855,"{""caption"":"""",""public_domain"":""no"",""image_url"":""""}",11,6,"{""name"":""rect"",""x"":22,""y"":64,""width"":60,""height"":119}","{""class_name"":""vest""}"
images75.jpg,10855,"{""caption"":"""",""public_domain"":""no"",""image_url"":""""}",11,7,"{""name"":""rect"",""x"":57,""y"":52,""width"":24,""height"":63}","{""class_name"":""vest""}"
images75.jpg,10855,"{""caption"":"""",""public_domain"":""no"",""image_url"":""""}",11,8,"{""name"":""rect"",""x"":165,""y"":61,""width"":44,""height"":55}","{""class_name"":""vest""}"
images75.jpg,10855,"{""caption"":"""",""public_domain"":""no"",""image_url"":""""}",11,9,"{""name"":""rect"",""x"":151,""y"":88,""width"":16,""height"":21}","{""class_name"":""vest""}"
images75.jpg,10855,"{""caption"":"""",""public_domain"":""no"",""image_url"":""""}",11,10,"{""name"":""rect"",""x"":207,""y"":121,""width"":51,""height"":72}","{""class_name"":""vest""}"
images79.jpg,7349,"{""caption"":"""",""public_domain"":""no"",""image_url"":""""}",1,0,"{""name"":""rect"",""x"":10,""y"":9,""width"":148,""height"":100}","{""class_name"":""hardhat""}"
images83.jpg,10916,"{""caption"":"""",""public_domain"":""no"",""image_url"":""""}",4,0,"{""name"":""rect"",""x"":112,""y"":21,""width"":31,""height"":16}","{""class_name"":""hardhat""}"
images83.jpg,10916,"{""caption"":"""",""public_domain"":""no"",""image_url"":""""}",4,1,"{""name"":""rect"",""x"":31,""y"":44,""width"":61,""height"":83}","{""class_name"":""vest""}"
images83.jpg,10916,"{""caption"":"""",""public_domain"":""no"",""image_url"":""""}",4,2,"{""name"":""rect"",""x"":37,""y"":204,""width"":39,""height"":39}","{""class_name"":""boots""}"
images83.jpg,10916,"{""caption"":"""",""public_domain"":""no"",""image_url"":""""}",4,3,"{""name"":""rect"",""x"":115,""y"":191,""width"":36,""height"":41}","{""class_name"":""boots""}"
images84.jpg,12650,"{""caption"":"""",""public_domain"":""no"",""image_url"":""""}",11,0,"{""name"":""rect"",""x"":120,""y"":50,""width"":23,""height"":17}","{""class_name"":""hardhat""}"
images84.jpg,12650,"{""caption"":"""",""public_domain"":""no"",""image_url"":""""}",11,1,"{""name"":""rect"",""x"":209,""y"":55,""width"":24,""height"":18}","{""class_name"":""hardhat""}"
images84.jpg,12650,"{""caption"":"""",""public_domain"":""no"",""image_url"":""""}",11,2,"{""name"":""rect"",""x"":72,""y"":60,""width"":20,""height"":11}","{""class_name"":""hardhat""}"
images84.jpg,12650,"{""caption"":"""",""public_domain"":""no"",""image_url"":""""}",11,3,"{""name"":""rect"",""x"":42,""y"":57,""width"":16,""height"":9}","{""class_name"":""hardhat""}"
images84.jpg,12650,"{""caption"":"""",""public_domain"":""no"",""image_url"":""""}",11,4,"{""name"":""rect"",""x"":139,""y"":66,""width"":19,""height"":12}","{""class_name"":""hardhat""}"
images84.jpg,12650,"{""caption"":"""",""public_domain"":""no"",""image_url"":""""}",11,5,"{""name"":""rect"",""x"":200,""y"":76,""width"":41,""height"":60}","{""class_name"":""vest""}"
images84.jpg,12650,"{""caption"":"""",""public_domain"":""no"",""image_url"":""""}",11,6,"{""name"":""rect"",""x"":96,""y"":76,""width"":48,""height"":66}","{""class_name"":""vest""}"
images84.jpg,12650,"{""caption"":"""",""public_domain"":""no"",""image_url"":""""}",11,7,"{""name"":""rect"",""x"":59,""y"":77,""width"":40,""height"":57}","{""class_name"":""vest""}"
images84.jpg,12650,"{""caption"":"""",""public_domain"":""no"",""image_url"":""""}",11,8,"{""name"":""rect"",""x"":34,""y"":71,""width"":31,""height"":48}","{""class_name"":""vest""}"
images84.jpg,12650,"{""caption"":"""",""public_domain"":""no"",""image_url"":""""}",11,9,"{""name"":""rect"",""x"":3,""y"":69,""width"":12,""height"":49}","{""class_name"":""vest""}"
images84.jpg,12650,"{""caption"":"""",""public_domain"":""no"",""image_url"":""""}",11,10,"{""name"":""rect"",""x"":147,""y"":89,""width"":26,""height"":54}","{""class_name"":""vest""}"
images95.jpg,9338,"{""caption"":"""",""public_domain"":""no"",""image_url"":""""}",2,0,"{""name"":""rect"",""x"":114,""y"":80,""width"":79,""height"":87}","{""class_name"":""mask""}"
images95.jpg,9338,"{""caption"":"""",""public_domain"":""no"",""image_url"":""""}",2,1,"{""name"":""rect"",""x"":121,""y"":20,""width"":105,""height"":107}","{""class_name"":""hardhat""}"
images96.jpg,9618,"{""caption"":"""",""public_domain"":""no"",""image_url"":""""}",1,0,"{""name"":""rect"",""x"":99,""y"":14,""width"":43,""height"":32}","{""class_name"":""hardhat""}"
images100.jpg,10942,"{""caption"":"""",""public_domain"":""no"",""image_url"":""""}",12,0,"{""name"":""rect"",""x"":26,""y"":37,""width"":25,""height"":14}","{""class_name"":""hardhat""}"
images100.jpg,10942,"{""caption"":"""",""public_domain"":""no"",""image_url"":""""}",12,1,"{""name"":""rect"",""x"":126,""y"":36,""width"":21,""height"":13}","{""class_name"":""hardhat""}"
images100.jpg,10942,"{""caption"":"""",""public_domain"":""no"",""image_url"":""""}",12,2,"{""name"":""rect"",""x"":153,""y"":41,""width"":26,""height"":15}","{""class_name"":""hardhat""}"
images100.jpg,10942,"{""caption"":"""",""public_domain"":""no"",""image_url"":""""}",12,3,"{""name"":""rect"",""x"":198,""y"":48,""width"":12,""height"":7}","{""class_name"":""hardhat""}"
images100.jpg,10942,"{""caption"":"""",""public_domain"":""no"",""image_url"":""""}",12,4,"{""name"":""rect"",""x"":192,""y"":43,""width"":10,""height"":6}","{""class_name"":""hardhat""}"
images100.jpg,10942,"{""caption"":"""",""public_domain"":""no"",""image_url"":""""}",12,5,"{""name"":""rect"",""x"":179,""y"":44,""width"":8,""height"":6}","{""class_name"":""hardhat""}"
images100.jpg,10942,"{""caption"":"""",""public_domain"":""no"",""image_url"":""""}",12,6,"{""name"":""rect"",""x"":26,""y"":60,""width"":33,""height"":39}","{""class_name"":""vest""}"
images100.jpg,10942,"{""caption"":"""",""public_domain"":""no"",""image_url"":""""}",12,7,"{""name"":""rect"",""x"":128,""y"":57,""width"":25,""height"":47}","{""class_name"":""vest""}"
images100.jpg,10942,"{""caption"":"""",""public_domain"":""no"",""image_url"":""""}",12,8,"{""name"":""rect"",""x"":154,""y"":65,""width"":30,""height"":54}","{""class_name"":""vest""}"
images100.jpg,10942,"{""caption"":"""",""public_domain"":""no"",""image_url"":""""}",12,9,"{""name"":""rect"",""x"":189,""y"":58,""width"":19,""height"":30}","{""class_name"":""vest""}"
images100.jpg,10942,"{""caption"":"""",""public_domain"":""no"",""image_url"":""""}",12,10,"{""name"":""rect"",""x"":212,""y"":60,""width"":7,""height"":37}","{""class_name"":""vest""}"
images100.jpg,10942,"{""caption"":"""",""public_domain"":""no"",""image_url"":""""}",12,11,"{""name"":""rect"",""x"":214,""y"":39,""width"":6,""height"":14}","{""class_name"":""hardhat""}"
images106.jpg,9389,"{""caption"":"""",""public_domain"":""no"",""image_url"":""""}",6,0,"{""name"":""rect"",""x"":46,""y"":23,""width"":46,""height"":29}","{""class_name"":""hardhat""}"
images106.jpg,9389,"{""caption"":"""",""public_domain"":""no"",""image_url"":""""}",6,1,"{""name"":""rect"",""x"":111,""y"":44,""width"":29,""height"":28}","{""class_name"":""hardhat""}"
images106.jpg,9389,"{""caption"":"""",""public_domain"":""no"",""image_url"":""""}",6,2,"{""name"":""rect"",""x"":194,""y"":64,""width"":27,""height"":18}","{""class_name"":""hardhat""}"
images106.jpg,9389,"{""caption"":"""",""public_domain"":""no"",""image_url"":""""}",6,3,"{""name"":""rect"",""x"":165,""y"":69,""width"":22,""height"":18}","{""class_name"":""hardhat""}"
images106.jpg,9389,"{""caption"":"""",""public_domain"":""no"",""image_url"":""""}",6,4,"{""name"":""rect"",""x"":213,""y"":153,""width"":23,""height"":18}","{""class_name"":""boots""}"
images106.jpg,9389,"{""caption"":"""",""public_domain"":""no"",""image_url"":""""}",6,5,"{""name"":""rect"",""x"":192,""y"":157,""width"":27,""height"":20}","{""class_name"":""boots""}"
images109.jpg,2898,"{""caption"":"""",""public_domain"":""no"",""image_url"":""""}",2,0,"{""name"":""rect"",""x"":33,""y"":46,""width"":27,""height"":22}","{""class_name"":""mask""}"
images109.jpg,2898,"{""caption"":"""",""public_domain"":""no"",""image_url"":""""}",2,1,"{""name"":""rect"",""x"":39,""y"":22,""width"":32,""height"":32}","{""class_name"":""hardhat""}"
images110.jpg,4985,"{""caption"":"""",""public_domain"":""no"",""image_url"":""""}",2,0,"{""name"":""rect"",""x"":54,""y"":29,""width"":110,""height"":97}","{""class_name"":""hardhat""}"
images110.jpg,4985,"{""caption"":"""",""public_domain"":""no"",""image_url"":""""}",2,1,"{""name"":""rect"",""x"":32,""y"":103,""width"":51,""height"":55}","{""class_name"":""mask""}"
images112.jpg,11288,"{""caption"":"""",""public_domain"":""no"",""image_url"":""""}",11,0,"{""name"":""rect"",""x"":203,""y"":36,""width"":53,""height"":31}","{""class_name"":""hardhat""}"
images112.jpg,11288,"{""caption"":"""",""public_domain"":""no"",""image_url"":""""}",11,1,"{""name"":""rect"",""x"":154,""y"":55,""width"":30,""height"":24}","{""class_name"":""hardhat""}"
images112.jpg,11288,"{""caption"":"""",""public_domain"":""no"",""image_url"":""""}",11,2,"{""name"":""rect"",""x"":119,""y"":38,""width"":19,""height"":9}","{""class_name"":""hardhat""}"
images112.jpg,11288,"{""caption"":"""",""public_domain"":""no"",""image_url"":""""}",11,3,"{""name"":""rect"",""x"":49,""y"":37,""width"":28,""height"":16}","{""class_name"":""hardhat""}"
images112.jpg,11288,"{""caption"":"""",""public_domain"":""no"",""image_url"":""""}",11,4,"{""name"":""rect"",""x"":0,""y"":15,""width"":48,""height"":31}","{""class_name"":""hardhat""}"
images112.jpg,11288,"{""caption"":"""",""public_domain"":""no"",""image_url"":""""}",11,5,"{""name"":""rect"",""x"":1,""y"":61,""width"":47,""height"":97}","{""class_name"":""vest""}"
images112.jpg,11288,"{""caption"":"""",""public_domain"":""no"",""image_url"":""""}",11,6,"{""name"":""rect"",""x"":46,""y"":65,""width"":32,""height"":56}","{""class_name"":""vest""}"
images112.jpg,11288,"{""caption"":"""",""public_domain"":""no"",""image_url"":""""}",11,7,"{""name"":""rect"",""x"":115,""y"":57,""width"":34,""height"":47}","{""class_name"":""vest""}"
images112.jpg,11288,"{""caption"":"""",""public_domain"":""no"",""image_url"":""""}",11,8,"{""name"":""rect"",""x"":165,""y"":81,""width"":39,""height"":63}","{""class_name"":""vest""}"
images112.jpg,11288,"{""caption"":"""",""public_domain"":""no"",""image_url"":""""}",11,9,"{""name"":""rect"",""x"":178,""y"":93,""width"":80,""height"":99}","{""class_name"":""vest""}"
images112.jpg,11288,"{""caption"":"""",""public_domain"":""no"",""image_url"":""""}",11,10,"{""name"":""rect"",""x"":93,""y"":88,""width"":17,""height"":23}","{""class_name"":""vest""}"
images113.jpg,9005,"{""caption"":"""",""public_domain"":""no"",""image_url"":""""}",2,0,"{""name"":""rect"",""x"":95,""y"":55,""width"":77,""height"":90}","{""class_name"":""vest""}"
images113.jpg,9005,"{""caption"":"""",""public_domain"":""no"",""image_url"":""""}",2,1,"{""name"":""rect"",""x"":189,""y"":84,""width"":44,""height"":45}","{""class_name"":""hardhat""}"
images114.jpg,16674,"{""caption"":"""",""public_domain"":""no"",""image_url"":""""}",6,0,"{""name"":""rect"",""x"":302,""y"":134,""width"":29,""height"":13}","{""class_name"":""boots""}"
images114.jpg,16674,"{""caption"":"""",""public_domain"":""no"",""image_url"":""""}",6,1,"{""name"":""rect"",""x"":257,""y"":135,""width"":30,""height"":11}","{""class_name"":""boots""}"
images114.jpg,16674,"{""caption"":"""",""public_domain"":""no"",""image_url"":""""}",6,2,"{""name"":""rect"",""x"":252,""y"":29,""width"":43,""height"":48}","{""class_name"":""vest""}"
images114.jpg,16674,"{""caption"":"""",""public_domain"":""no"",""image_url"":""""}",6,3,"{""name"":""rect"",""x"":136,""y"":35,""width"":45,""height"":57}","{""class_name"":""vest""}"
images114.jpg,16674,"{""caption"":"""",""public_domain"":""no"",""image_url"":""""}",6,4,"{""name"":""rect"",""x"":185,""y"":28,""width"":52,""height"":47}","{""class_name"":""vest""}"
images114.jpg,16674,"{""caption"":"""",""public_domain"":""no"",""image_url"":""""}",6,5,"{""name"":""rect"",""x"":294,""y"":41,""width"":40,""height"":43}","{""class_name"":""vest""}"
images116.jpg,14965,"{""caption"":"""",""public_domain"":""no"",""image_url"":""""}",6,0,"{""name"":""rect"",""x"":23,""y"":11,""width"":47,""height"":31}","{""class_name"":""hardhat""}"
images116.jpg,14965,"{""caption"":"""",""public_domain"":""no"",""image_url"":""""}",6,1,"{""name"":""rect"",""x"":124,""y"":15,""width"":41,""height"":28}","{""class_name"":""hardhat""}"
images116.jpg,14965,"{""caption"":"""",""public_domain"":""no"",""image_url"":""""}",6,2,"{""name"":""rect"",""x"":179,""y"":7,""width"":51,""height"":26}","{""class_name"":""hardhat""}"
images116.jpg,14965,"{""caption"":"""",""public_domain"":""no"",""image_url"":""""}",6,3,"{""name"":""rect"",""x"":11,""y"":59,""width"":74,""height"":86}","{""class_name"":""vest""}"
images116.jpg,14965,"{""caption"":"""",""public_domain"":""no"",""image_url"":""""}",6,4,"{""name"":""rect"",""x"":104,""y"":56,""width"":71,""height"":84}","{""class_name"":""vest""}"
images116.jpg,14965,"{""caption"":"""",""public_domain"":""no"",""image_url"":""""}",6,5,"{""name"":""rect"",""x"":180,""y"":49,""width"":90,""height"":95}","{""class_name"":""vest""}"
images123.jpg,11442,"{""caption"":"""",""public_domain"":""no"",""image_url"":""""}",4,0,"{""name"":""rect"",""x"":174,""y"":24,""width"":60,""height"":36}","{""class_name"":""hardhat""}"
images123.jpg,11442,"{""caption"":"""",""public_domain"":""no"",""image_url"":""""}",4,1,"{""name"":""rect"",""x"":246,""y"":54,""width"":46,""height"":37}","{""class_name"":""hardhat""}"
images123.jpg,11442,"{""caption"":"""",""public_domain"":""no"",""image_url"":""""}",4,2,"{""name"":""rect"",""x"":126,""y"":77,""width"":132,""height"":80}","{""class_name"":""vest""}"
images123.jpg,11442,"{""caption"":"""",""public_domain"":""no"",""image_url"":""""}",4,3,"{""name"":""rect"",""x"":256,""y"":99,""width"":61,""height"":58}","{""class_name"":""vest""}"
images124.jpg,13150,"{""caption"":"""",""public_domain"":""no"",""image_url"":""""}",2,0,"{""name"":""rect"",""x"":19,""y"":70,""width"":167,""height"":136}","{""class_name"":""vest""}"
images124.jpg,13150,"{""caption"":"""",""public_domain"":""no"",""image_url"":""""}",2,1,"{""name"":""rect"",""x"":98,""y"":14,""width"":56,""height"":38}","{""class_name"":""hardhat""}"
images129.jpg,12609,"{""caption"":"""",""public_domain"":""no"",""image_url"":""""}",2,0,"{""name"":""rect"",""x"":127,""y"":12,""width"":61,""height"":57}","{""class_name"":""hardhat""}"
images129.jpg,12609,"{""caption"":"""",""public_domain"":""no"",""image_url"":""""}",2,1,"{""name"":""rect"",""x"":59,""y"":94,""width"":148,""height"":122}","{""class_name"":""vest""}"
images130.jpg,8206,"{""caption"":"""",""public_domain"":""no"",""image_url"":""""}",1,0,"{""name"":""rect"",""x"":70,""y"":84,""width"":95,""height"":97}","{""class_name"":""vest""}"
images136.jpg,10981,"{""caption"":"""",""public_domain"":""no"",""image_url"":""""}",4,0,"{""name"":""rect"",""x"":50,""y"":44,""width"":24,""height"":16}","{""class_name"":""hardhat""}"
images136.jpg,10981,"{""caption"":"""",""public_domain"":""no"",""image_url"":""""}",4,1,"{""name"":""rect"",""x"":124,""y"":41,""width"":30,""height"":15}","{""class_name"":""hardhat""}"
images136.jpg,10981,"{""caption"":"""",""public_domain"":""no"",""image_url"":""""}",4,2,"{""name"":""rect"",""x"":127,""y"":62,""width"":42,""height"":76}","{""class_name"":""vest""}"
images136.jpg,10981,"{""caption"":"""",""public_domain"":""no"",""image_url"":""""}",4,3,"{""name"":""rect"",""x"":27,""y"":67,""width"":63,""height"":65}","{""class_name"":""vest""}"
images140.jpg,12009,"{""caption"":"""",""public_domain"":""no"",""image_url"":""""}",4,0,"{""name"":""rect"",""x"":65,""y"":6,""width"":40,""height"":27}","{""class_name"":""hardhat""}"
images140.jpg,12009,"{""caption"":"""",""public_domain"":""no"",""image_url"":""""}",4,1,"{""name"":""rect"",""x"":128,""y"":33,""width"":25,""height"":22}","{""class_name"":""hardhat""}"
images140.jpg,12009,"{""caption"":"""",""public_domain"":""no"",""image_url"":""""}",4,2,"{""name"":""rect"",""x"":17,""y"":30,""width"":84,""height"":112}","{""class_name"":""vest""}"
images140.jpg,12009,"{""caption"":"""",""public_domain"":""no"",""image_url"":""""}",4,3,"{""name"":""rect"",""x"":130,""y"":54,""width"":55,""height"":84}","{""class_name"":""vest""}"
images144.jpg,12820,"{""caption"":"""",""public_domain"":""no"",""image_url"":""""}",17,0,"{""name"":""rect"",""x"":76,""y"":102,""width"":24,""height"":20}","{""class_name"":""boots""}"
images144.jpg,12820,"{""caption"":"""",""public_domain"":""no"",""image_url"":""""}",17,1,"{""name"":""rect"",""x"":136,""y"":96,""width"":28,""height"":20}","{""class_name"":""boots""}"
images144.jpg,12820,"{""caption"":"""",""public_domain"":""no"",""image_url"":""""}",17,2,"{""name"":""rect"",""x"":164,""y"":109,""width"":26,""height"":30}","{""class_name"":""boots""}"
images144.jpg,12820,"{""caption"":"""",""public_domain"":""no"",""image_url"":""""}",17,3,"{""name"":""rect"",""x"":184,""y"":63,""width"":36,""height"":37}","{""class_name"":""vest""}"
images144.jpg,12820,"{""caption"":"""",""public_domain"":""no"",""image_url"":""""}",17,4,"{""name"":""rect"",""x"":168,""y"":42,""width"":30,""height"":45}","{""class_name"":""vest""}"
images144.jpg,12820,"{""caption"":"""",""public_domain"":""no"",""image_url"":""""}",17,5,"{""name"":""rect"",""x"":134,""y"":28,""width"":44,""height"":40}","{""class_name"":""vest""}"
images144.jpg,12820,"{""caption"":"""",""public_domain"":""no"",""image_url"":""""}",17,6,"{""name"":""rect"",""x"":67,""y"":36,""width"":43,""height"":40}","{""class_name"":""vest""}"
images144.jpg,12820,"{""caption"":"""",""public_domain"":""no"",""image_url"":""""}",17,7,"{""name"":""rect"",""x"":89,""y"":25,""width"":16,""height"":9}","{""class_name"":""hardhat""}"
images144.jpg,12820,"{""caption"":"""",""public_domain"":""no"",""image_url"":""""}",17,8,"{""name"":""rect"",""x"":149,""y"":10,""width"":19,""height"":14}","{""class_name"":""hardhat""}"
images144.jpg,12820,"{""caption"":"""",""public_domain"":""no"",""image_url"":""""}",17,9,"{""name"":""rect"",""x"":184,""y"":2,""width"":16,""height"":12}","{""class_name"":""hardhat""}"
images144.jpg,12820,"{""caption"":"""",""public_domain"":""no"",""image_url"":""""}",17,10,"{""name"":""rect"",""x"":195,""y"":46,""width"":18,""height"":14}","{""class_name"":""hardhat""}"
images144.jpg,12820,"{""caption"":"""",""public_domain"":""no"",""image_url"":""""}",17,11,"{""name"":""rect"",""x"":255,""y"":23,""width"":13,""height"":11}","{""class_name"":""hardhat""}"
images144.jpg,12820,"{""caption"":"""",""public_domain"":""no"",""image_url"":""""}",17,12,"{""name"":""rect"",""x"":245,""y"":23,""width"":12,""height"":10}","{""class_name"":""hardhat""}"
images144.jpg,12820,"{""caption"":"""",""public_domain"":""no"",""image_url"":""""}",17,13,"{""name"":""rect"",""x"":182,""y"":27,""width"":18,""height"":11}","{""class_name"":""hardhat""}"
images144.jpg,12820,"{""caption"":"""",""public_domain"":""no"",""image_url"":""""}",17,14,"{""name"":""rect"",""x"":187,""y"":153,""width"":25,""height"":11}","{""class_name"":""boots""}"
images144.jpg,12820,"{""caption"":"""",""public_domain"":""no"",""image_url"":""""}",17,15,"{""name"":""rect"",""x"":237,""y"":40,""width"":23,""height"":35}","{""class_name"":""vest""}"
images144.jpg,12820,"{""caption"":"""",""public_domain"":""no"",""image_url"":""""}",17,16,"{""name"":""rect"",""x"":255,""y"":41,""width"":25,""height"":42}","{""class_name"":""vest""}"
images151.jpg,10093,"{""caption"":"""",""public_domain"":""no"",""image_url"":""""}",2,0,"{""name"":""rect"",""x"":141,""y"":11,""width"":34,""height"":38}","{""class_name"":""hardhat""}"
images151.jpg,10093,"{""caption"":"""",""public_domain"":""no"",""image_url"":""""}",2,1,"{""name"":""rect"",""x"":141,""y"":41,""width"":58,""height"":63}","{""class_name"":""vest""}"
images152.jpg,12262,"{""caption"":"""",""public_domain"":""no"",""image_url"":""""}",6,0,"{""name"":""rect"",""x"":174,""y"":63,""width"":34,""height"":19}","{""class_name"":""hardhat""}"
images152.jpg,12262,"{""caption"":"""",""public_domain"":""no"",""image_url"":""""}",6,1,"{""name"":""rect"",""x"":147,""y"":51,""width"":26,""height"":20}","{""class_name"":""hardhat""}"
images152.jpg,12262,"{""caption"":"""",""public_domain"":""no"",""image_url"":""""}",6,2,"{""name"":""rect"",""x"":118,""y"":64,""width"":16,""height"":17}","{""class_name"":""hardhat""}"
images152.jpg,12262,"{""caption"":"""",""public_domain"":""no"",""image_url"":""""}",6,3,"{""name"":""rect"",""x"":107,""y"":82,""width"":28,""height"":24}","{""class_name"":""vest""}"
images152.jpg,12262,"{""caption"":"""",""public_domain"":""no"",""image_url"":""""}",6,4,"{""name"":""rect"",""x"":169,""y"":92,""width"":46,""height"":53}","{""class_name"":""vest""}"
images152.jpg,12262,"{""caption"":"""",""public_domain"":""no"",""image_url"":""""}",6,5,"{""name"":""rect"",""x"":132,""y"":76,""width"":45,""height"":68}","{""class_name"":""vest""}"
images153.jpg,7463,"{""caption"":"""",""public_domain"":""no"",""image_url"":""""}",2,0,"{""name"":""rect"",""x"":88,""y"":1,""width"":49,""height"":28}","{""class_name"":""hardhat""}"
images153.jpg,7463,"{""caption"":"""",""public_domain"":""no"",""image_url"":""""}",2,1,"{""name"":""rect"",""x"":67,""y"":63,""width"":85,""height"":123}","{""class_name"":""vest""}"
milwaukee-safety-hero-mob3.jpg,189798,"{""caption"":"""",""public_domain"":""no"",""image_url"":""""}",4,0,"{""name"":""rect"",""x"":592,""y"":173,""width"":108,""height"":72}","{""class_name"":""mask""}"
milwaukee-safety-hero-mob3.jpg,189798,"{""caption"":"""",""public_domain"":""no"",""image_url"":""""}",4,1,"{""name"":""rect"",""x"":581,""y"":55,""width"":143,""height"":94}","{""class_name"":""hardhat""}"
milwaukee-safety-hero-mob3.jpg,189798,"{""caption"":"""",""public_domain"":""no"",""image_url"":""""}",4,2,"{""name"":""rect"",""x"":535,""y"":248,""width"":249,""height"":342}","{""class_name"":""vest""}"
milwaukee-safety-hero-mob3.jpg,189798,"{""caption"":"""",""public_domain"":""no"",""image_url"":""""}",4,3,"{""name"":""rect"",""x"":508,""y"":1036,""width"":310,""height"":171}","{""class_name"":""boots""}"
Paul_01-300x263.jpg,17142,"{""caption"":"""",""public_domain"":""no"",""image_url"":""""}",4,0,"{""name"":""rect"",""x"":120,""y"":41,""width"":24,""height"":15}","{""class_name"":""mask""}"
Paul_01-300x263.jpg,17142,"{""caption"":"""",""public_domain"":""no"",""image_url"":""""}",4,1,"{""name"":""rect"",""x"":118,""y"":17,""width"":28,""height"":19}","{""class_name"":""hardhat""}"
Paul_01-300x263.jpg,17142,"{""caption"":"""",""public_domain"":""no"",""image_url"":""""}",4,2,"{""name"":""rect"",""x"":97,""y"":55,""width"":66,""height"":86}","{""class_name"":""vest""}"
Paul_01-300x263.jpg,17142,"{""caption"":"""",""public_domain"":""no"",""image_url"":""""}",4,3,"{""name"":""rect"",""x"":97,""y"":219,""width"":61,""height"":28}","{""class_name"":""boots""}"
personal-protective-equipment-let-users-help-choose-ppe.jpg,32403,"{""caption"":"""",""public_domain"":""no"",""image_url"":""""}",2,0,"{""name"":""rect"",""x"":376,""y"":175,""width"":95,""height"":84}","{""class_name"":""hardhat""}"
personal-protective-equipment-let-users-help-choose-ppe.jpg,32403,"{""caption"":"""",""public_domain"":""no"",""image_url"":""""}",2,1,"{""name"":""rect"",""x"":195,""y"":115,""width"":145,""height"":178}","{""class_name"":""vest""}"